customer_id,customer_name,email,city,state,signup_date
1,Aarav Mehta,aarav.mehta@example.com,Mumbai,Maharashtra,2025-01-05
2,Isha Kulkarni,isha.k@example.com,Pune,Maharashtra,2025-01-08
3,Rohan Shah,rohan.shah@example.com,Ahmedabad,Gujarat,2025-01-12
4,Ananya Rao,ananya.rao@example.com,Bengaluru,Karnataka,2025-01-15
5,Kabir Joshi,kabir.j@example.com,Delhi,Delhi,2025-01-18
6,Meera Nair,meera.nair@example.com,Kochi,Kerala,2025-01-21
7,Vihaan Desai,vihaan.d@example.com,Surat,Gujarat,2025-01-24
8,Saanvi Iyer,saanvi.i@example.com,Chennai,Tamil Nadu,2025-01-27
9,Arjun Patil,arjun.p@example.com,Nashik,Maharashtra,2025-02-02
10,Diya Kapoor,diya.k@example.com,Jaipur,Rajasthan,2025-02-05
11,Aditya Singh,aditya.s@example.com,Lucknow,Uttar Pradesh,2025-02-08
12,Myra Verma,myra.v@example.com,Indore,Madhya Pradesh,2025-02-11
13,Reyansh Gupta,re.gu@example.com,Noida,Uttar Pradesh,2025-02-14
14,Tara Menon,tara.m@example.com,Kochi,Kerala,2025-02-18
15,Dev Malhotra,dev.m@example.com,Delhi,Delhi,2025-02-22
16,Aanya Bhosale,aanya.b@example.com,Pune,Maharashtra,2025-03-01
17,Neil Fernandes,neil.f@example.com,Mumbai,Maharashtra,2025-03-04
18,Kiara Jain,kiara.j@example.com,Bhopal,Madhya Pradesh,2025-03-07
19,Yash Thakur,yash.t@example.com,Chandigarh,Chandigarh,2025-03-10
20,Riya Sethi,riya.s@example.com,Gurugram,Haryana,2025-03-13
