order_id,product_id,quantity,unit_price
1001,101,3,899.0
1002,103,1,1499.0
1002,104,2,1299.0
1003,105,2,1799.0
1003,106,3,999.0
1003,107,1,499.0
1004,107,3,499.0
1005,109,1,1899.0
1005,110,2,2299.0
1006,111,2,1199.0
1006,112,3,399.0
1006,101,1,899.0
1007,101,3,899.0
1008,103,1,1499.0
1008,104,2,1299.0
1009,105,2,1799.0
1009,106,3,999.0
1009,107,1,499.0
1010,107,3,499.0
1011,109,1,1899.0
1011,110,2,2299.0
1012,111,2,1199.0
1012,112,3,399.0
1012,101,1,899.0
1013,101,3,899.0
1014,103,1,1499.0
1014,104,2,1299.0
1015,105,2,1799.0
1015,106,3,999.0
1015,107,1,499.0
1016,107,3,499.0
1017,109,1,1899.0
1017,110,2,2299.0
1018,111,2,1199.0
1018,112,3,399.0
1018,101,1,899.0
1019,101,3,899.0
1020,103,1,1499.0
1020,104,2,1299.0
1021,105,2,1799.0
1021,106,3,999.0
1021,107,1,499.0
1022,107,3,499.0
1023,109,1,1899.0
1023,110,2,2299.0
1024,111,2,1199.0
1024,112,3,399.0
1024,101,1,899.0
1025,101,3,899.0
1026,103,1,1499.0
1026,104,2,1299.0
1027,105,2,1799.0
1027,106,3,999.0
1027,107,1,499.0
1028,107,3,499.0
1029,109,1,1899.0
1029,110,2,2299.0
1030,111,2,1199.0
1030,112,3,399.0
1030,101,1,899.0
1031,101,3,899.0
1032,103,1,1499.0
1032,104,2,1299.0
1033,105,2,1799.0
1033,106,3,999.0
1033,107,1,499.0
1034,107,3,499.0
1035,109,1,1899.0
1035,110,2,2299.0
1036,111,2,1199.0
1036,112,3,399.0
1036,101,1,899.0
1037,101,3,899.0
1038,103,1,1499.0
1038,104,2,1299.0
1039,105,2,1799.0
1039,106,3,999.0
1039,107,1,499.0
1040,107,3,499.0
1041,109,1,1899.0
1041,110,2,2299.0
1042,111,2,1199.0
1042,112,3,399.0
1042,101,1,899.0
1043,101,3,899.0
1044,103,1,1499.0
1044,104,2,1299.0
1045,105,2,1799.0
1045,106,3,999.0
1045,107,1,499.0
1046,107,3,499.0
1047,109,1,1899.0
1047,110,2,2299.0
1048,111,2,1199.0
1048,112,3,399.0
1048,101,1,899.0
1049,101,3,899.0
1050,103,1,1499.0
1050,104,2,1299.0
