order_id,customer_id,order_date,order_status,order_total
1001,1,2025-03-01,Completed,2697.0
1002,2,2025-03-04,Completed,4097.0
1003,3,2025-03-07,Completed,7094.0
1004,4,2025-03-07,Completed,1497.0
1005,5,2025-03-10,Completed,6497.0
1006,6,2025-03-13,Cancelled,0
1007,7,2025-03-13,Completed,2697.0
1008,8,2025-03-16,Completed,4097.0
1009,9,2025-03-19,Completed,7094.0
1010,10,2025-03-19,Completed,1497.0
1011,11,2025-03-22,Completed,6497.0
1012,12,2025-03-25,Completed,4494.0
1013,13,2025-03-25,Completed,2697.0
1014,14,2025-03-28,Completed,4097.0
1015,15,2025-03-31,Shipped,7094.0
1016,16,2025-03-31,Completed,1497.0
1017,17,2025-04-03,Completed,6497.0
1018,18,2025-04-06,Completed,4494.0
1019,19,2025-04-06,Completed,2697.0
1020,20,2025-04-09,Completed,4097.0
1021,1,2025-04-12,Shipped,7094.0
1022,2,2025-04-12,Completed,1497.0
1023,3,2025-04-15,Completed,6497.0
1024,4,2025-04-18,Pending,4494.0
1025,5,2025-04-18,Shipped,2697.0
1026,6,2025-04-21,Completed,4097.0
1027,7,2025-04-24,Completed,7094.0
1028,8,2025-04-24,Completed,1497.0
1029,9,2025-04-27,Completed,6497.0
1030,10,2025-04-30,Shipped,4494.0
1031,11,2025-04-30,Cancelled,0
1032,12,2025-05-03,Completed,4097.0
1033,13,2025-05-06,Completed,7094.0
1034,14,2025-05-06,Cancelled,0
1035,15,2025-05-09,Completed,6497.0
1036,16,2025-05-12,Pending,4494.0
1037,17,2025-05-12,Cancelled,0
1038,18,2025-05-15,Completed,4097.0
1039,19,2025-05-18,Completed,7094.0
1040,20,2025-05-18,Completed,1497.0
1041,1,2025-05-21,Completed,6497.0
1042,2,2025-05-24,Completed,4494.0
1043,3,2025-05-24,Completed,2697.0
1044,4,2025-05-27,Completed,4097.0
1045,5,2025-05-30,Completed,7094.0
1046,6,2025-05-30,Completed,1497.0
1047,7,2025-06-02,Completed,6497.0
1048,8,2025-06-05,Completed,4494.0
1049,9,2025-06-05,Completed,2697.0
1050,10,2025-06-08,Shipped,4097.0
